prog,old-obj,old-exe,old-sloc,new-obj,new-exe,new-sloc,obj-diff,exe-diff,sloc-diff
Fibs,69808,18720,19,75128,19088,19,7.620903,1.965812,0.000000
Knapsack,257584,19128,52,268680,19496,52,4.307721,1.923881,0.000000
Mandlebrot,233576,24064,32,223040,24384,32,-4.510737,1.329787,0.000000
N Body,395848,24288,71,385536,24608,71,-2.605040,1.317523,0.000000
Sonar Sweep,100720,19024,31,107496,19400,31,6.727562,1.976451,0.000000
Sort,464832,29480,134,463736,29800,134,-0.235784,1.085482,0.000000
