prog,old-obj,old-exe,old-sloc,new-obj,new-exe,new-sloc,obj-diff,exe-diff,sloc-diff
Fibs,75128,19088,19,80048,19160,19,6.548823,0.377200,0.000000
Knapsack,268680,19496,52,272904,19568,52,1.572130,0.369307,0.000000
Mandlebrot,223040,24384,32,241440,24376,32,8.249641,-0.032808,0.000000
N Body,385536,24608,71,434064,24768,64,12.587151,0.650195,-9.859155
Sonar Sweep,107496,19400,31,113256,19472,31,5.358339,0.371134,0.000000
Sort,463736,29800,134,179360,29488,37,-61.322822,-1.046980,-72.388060
